{
    "entries": [
        {
            "id": "countryCode3.ATC",
            "text": "Isole Ashmore e Cartier"
        },
        {
            "id": "countryCode3.AFG",
            "text": "Afghanistan"
        },
        {
            "id": "countryCode3.ALD",
            "text": "Isole Åland"
        },
        {
            "id": "countryCode3.ALB",
            "text": "Albania"
        },
        {
            "id": "countryCode3.DZA",
            "text": "Algeria"
        },
        {
            "id": "countryCode3.ASM",
            "text": "Samoa Americane"
        },
        {
            "id": "countryCode3.AND",
            "text": "Andorra"
        },
        {
            "id": "countryCode3.AGO",
            "text": "Angola"
        },
        {
            "id": "countryCode3.AIA",
            "text": "Anguilla"
        },
        {
            "id": "countryCode3.ATA",
            "text": "Antartide"
        },
        {
            "id": "countryCode3.ATG",
            "text": "Antigua e Barbuda"
        },
        {
            "id": "countryCode3.ARG",
            "text": "Argentina"
        },
        {
            "id": "countryCode3.ARM",
            "text": "Armenia"
        },
        {
            "id": "countryCode3.ABW",
            "text": "Aruba"
        },
        {
            "id": "countryCode3.AUS",
            "text": "Australia"
        },
        {
            "id": "countryCode3.AUT",
            "text": "Austria"
        },
        {
            "id": "countryCode3.AZE",
            "text": "Azerbaijan"
        },
        {
            "id": "countryCode3.BHS",
            "text": "Bahamas"
        },
        {
            "id": "countryCode3.BHR",
            "text": "Bahrein"
        },
        {
            "id": "countryCode3.BGD",
            "text": "Bangladesh"
        },
        {
            "id": "countryCode3.BRB",
            "text": "Barbados"
        },
        {
            "id": "countryCode3.BLR",
            "text": "Bielorussia"
        },
        {
            "id": "countryCode3.BEL",
            "text": "Belgio"
        },
        {
            "id": "countryCode3.BLZ",
            "text": "Belize"
        },
        {
            "id": "countryCode3.BEN",
            "text": "Benin"
        },
        {
            "id": "countryCode3.BMU",
            "text": "Bermuda"
        },
        {
            "id": "countryCode3.BTN",
            "text": "Bhutan"
        },
        {
            "id": "countryCode3.BOL",
            "text": "Bolivia"
        },
        {
            "id": "countryCode3.BIH",
            "text": "Bosnia-Erzegovina"
        },
        {
            "id": "countryCode3.BWA",
            "text": "Botswana"
        },
        {
            "id": "countryCode3.BRA",
            "text": "Brasile"
        },
        {
            "id": "countryCode3.VGB",
            "text": "Isole Vergini Britanniche"
        },
        {
            "id": "countryCode3.BRN",
            "text": "Brunei"
        },
        {
            "id": "countryCode3.BGR",
            "text": "Bulgaria"
        },
        {
            "id": "countryCode3.BFA",
            "text": "Burkina Faso"
        },
        {
            "id": "countryCode3.BDI",
            "text": "Burundi"
        },
        {
            "id": "countryCode3.CAF",
            "text": "Repubblica Centrafricana"
        },
        {
            "id": "countryCode3.CPV",
            "text": "Capo Verde"
        },
        {
            "id": "countryCode3.KHM",
            "text": "Cambogia"
        },
        {
            "id": "countryCode3.CMR",
            "text": "Camerun"
        },
        {
            "id": "countryCode3.CAN",
            "text": "Canada"
        },
        {
            "id": "countryCode3.CYM",
            "text": "Isole Cayman"
        },
        {
            "id": "countryCode3.TCD",
            "text": "Chad"
        },
        {
            "id": "countryCode3.CHL",
            "text": "Cile"
        },
        {
            "id": "countryCode3.CHN",
            "text": "Cina"
        },
        {
            "id": "countryCode3.COL",
            "text": "Colombia"
        },
        {
            "id": "countryCode3.COM",
            "text": "Comore"
        },
        {
            "id": "countryCode3.COG",
            "text": "Congo"
        },
        {
            "id": "countryCode3.COK",
            "text": "Isole Cook"
        },
        {
            "id": "countryCode3.CRI",
            "text": "Costa Rica"
        },
        {
            "id": "countryCode3.CIV",
            "text": "Costa d'Avorio"
        },
        {
            "id": "countryCode3.HRV",
            "text": "Croazia"
        },
        {
            "id": "countryCode3.CUB",
            "text": "Cuba"
        },
        {
            "id": "countryCode3.CUW",
            "text": "Curacao"
        },
        {
            "id": "countryCode3.CYP",
            "text": "Cipro"
        },
        {
            "id": "countryCode3.CZE",
            "text": "Cechia"
        },
        {
            "id": "countryCode3.COD",
            "text": "R.D. del Congo"
        },
        {
            "id": "countryCode3.DNK",
            "text": "Danimarca"
        },
        {
            "id": "countryCode3.DJI",
            "text": "Gibuti"
        },
        {
            "id": "countryCode3.DMA",
            "text": "Dominica"
        },
        {
            "id": "countryCode3.DOM",
            "text": "Repubblica Dominicana"
        },
        {
            "id": "countryCode3.ECU",
            "text": "Ecuador"
        },
        {
            "id": "countryCode3.EGY",
            "text": "Egitto"
        },
        {
            "id": "countryCode3.SLV",
            "text": "El Salvador"
        },
        {
            "id": "countryCode3.GNQ",
            "text": "Guinea Equatoriale"
        },
        {
            "id": "countryCode3.ERI",
            "text": "Eritrea"
        },
        {
            "id": "countryCode3.EST",
            "text": "Estonia"
        },
        {
            "id": "countryCode3.SWZ",
            "text": "Eswatini"
        },
        {
            "id": "countryCode3.ETH",
            "text": "Etiopia"
        },
        {
            "id": "countryCode3.FRO",
            "text": "Isole Faroe"
        },
        {
            "id": "countryCode3.FLK",
            "text": "Isole Falkland"
        },
        {
            "id": "countryCode3.FJI",
            "text": "Fiji"
        },
        {
            "id": "countryCode3.FIN",
            "text": "Finlandia"
        },
        {
            "id": "countryCode3.ATF",
            "text": "Terre Meridionali Francesi"
        },
        {
            "id": "countryCode3.FRA",
            "text": "Francia"
        },
        {
            "id": "countryCode3.PYF",
            "text": "Polinesia Francese"
        },
        {
            "id": "countryCode3.GAB",
            "text": "Gabon"
        },
        {
            "id": "countryCode3.GMB",
            "text": "Gambia"
        },
        {
            "id": "countryCode3.GEO",
            "text": "Georgia"
        },
        {
            "id": "countryCode3.DEU",
            "text": "Germania"
        },
        {
            "id": "countryCode3.GHA",
            "text": "Ghana"
        },
        {
            "id": "countryCode3.GRC",
            "text": "Grecia"
        },
        {
            "id": "countryCode3.GRL",
            "text": "Groenlandia"
        },
        {
            "id": "countryCode3.GRD",
            "text": "Granata"
        },
        {
            "id": "countryCode3.GUM",
            "text": "Guam"
        },
        {
            "id": "countryCode3.GTM",
            "text": "Guatemala"
        },
        {
            "id": "countryCode3.GGY",
            "text": "Guernsey"
        },
        {
            "id": "countryCode3.GIN",
            "text": "Guinea"
        },
        {
            "id": "countryCode3.GNB",
            "text": "Guinea Bissau"
        },
        {
            "id": "countryCode3.GUY",
            "text": "Guyana"
        },
        {
            "id": "countryCode3.HMD",
            "text": "Isole Heard e McDonald"
        },
        {
            "id": "countryCode3.HTI",
            "text": "Haiti"
        },
        {
            "id": "countryCode3.HND",
            "text": "Honduras"
        },
        {
            "id": "countryCode3.HKG",
            "text": "Hong Kong"
        },
        {
            "id": "countryCode3.HUN",
            "text": "Ungheria"
        },
        {
            "id": "countryCode3.IOT",
            "text": "Territorio Britannico dell'Oceano Indiano"
        },
        {
            "id": "countryCode3.ISL",
            "text": "Islanda"
        },
        {
            "id": "countryCode3.IND",
            "text": "India"
        },
        {
            "id": "countryCode3.IOA",
            "text": "Territori dell'Oceano Indiano"
        },
        {
            "id": "countryCode3.IDN",
            "text": "Indonesia"
        },
        {
            "id": "countryCode3.IRN",
            "text": "Iran"
        },
        {
            "id": "countryCode3.IRQ",
            "text": "Iraq"
        },
        {
            "id": "countryCode3.IRL",
            "text": "Irlanda"
        },
        {
            "id": "countryCode3.IMN",
            "text": "Isola di Man"
        },
        {
            "id": "countryCode3.ISR",
            "text": "Israele"
        },
        {
            "id": "countryCode3.ITA",
            "text": "Italia"
        },
        {
            "id": "countryCode3.JAM",
            "text": "Jamaica"
        },
        {
            "id": "countryCode3.JPN",
            "text": "Giappone"
        },
        {
            "id": "countryCode3.JEY",
            "text": "Jersey"
        },
        {
            "id": "countryCode3.JOR",
            "text": "Giordania"
        },
        {
            "id": "countryCode3.KAS",
            "text": "Kashmir"
        },
        {
            "id": "countryCode3.KAZ",
            "text": "Kazakistan"
        },
        {
            "id": "countryCode3.KEN",
            "text": "Kenya"
        },
        {
            "id": "countryCode3.KIR",
            "text": "Kiribati"
        },
        {
            "id": "countryCode3.KOS",
            "text": "Kosovo"
        },
        {
            "id": "countryCode3.KWT",
            "text": "Kuwait"
        },
        {
            "id": "countryCode3.KGZ",
            "text": "Kirghizistan"
        },
        {
            "id": "countryCode3.LAO",
            "text": "Laos"
        },
        {
            "id": "countryCode3.LVA",
            "text": "Lettonia"
        },
        {
            "id": "countryCode3.LBN",
            "text": "Libano"
        },
        {
            "id": "countryCode3.LSO",
            "text": "Lesoto"
        },
        {
            "id": "countryCode3.LBR",
            "text": "Liberia"
        },
        {
            "id": "countryCode3.LBY",
            "text": "Libia"
        },
        {
            "id": "countryCode3.LIE",
            "text": "Liechtenstein"
        },
        {
            "id": "countryCode3.LTU",
            "text": "Lituania"
        },
        {
            "id": "countryCode3.LUX",
            "text": "Lussemburgo"
        },
        {
            "id": "countryCode3.MAC",
            "text": "Macao"
        },
        {
            "id": "countryCode3.MKD",
            "text": "Macedonia"
        },
        {
            "id": "countryCode3.MDG",
            "text": "Madagascar"
        },
        {
            "id": "countryCode3.MWI",
            "text": "Malawi"
        },
        {
            "id": "countryCode3.MYS",
            "text": "Malaysia"
        },
        {
            "id": "countryCode3.MDV",
            "text": "Maldive"
        },
        {
            "id": "countryCode3.MLI",
            "text": "Mali"
        },
        {
            "id": "countryCode3.MLT",
            "text": "Malta"
        },
        {
            "id": "countryCode3.MHL",
            "text": "Isole Marshall"
        },
        {
            "id": "countryCode3.MRT",
            "text": "Mauritania"
        },
        {
            "id": "countryCode3.MUS",
            "text": "Mauritius"
        },
        {
            "id": "countryCode3.MEX",
            "text": "Messico"
        },
        {
            "id": "countryCode3.FSM",
            "text": "Micronesia"
        },
        {
            "id": "countryCode3.MDA",
            "text": "Moldavia"
        },
        {
            "id": "countryCode3.MCO",
            "text": "Monaco"
        },
        {
            "id": "countryCode3.MNG",
            "text": "Mongolia"
        },
        {
            "id": "countryCode3.MNE",
            "text": "Montenegro"
        },
        {
            "id": "countryCode3.MSR",
            "text": "Montserrat"
        },
        {
            "id": "countryCode3.MAR",
            "text": "Marocco"
        },
        {
            "id": "countryCode3.MOZ",
            "text": "Mozambico"
        },
        {
            "id": "countryCode3.MMR",
            "text": "Myanmar"
        },
        {
            "id": "countryCode3.MNP",
            "text": "Isole Marianne Settentrionali"
        },
        {
            "id": "countryCode3.NAM",
            "text": "Namibia"
        },
        {
            "id": "countryCode3.NRU",
            "text": "Nauru"
        },
        {
            "id": "countryCode3.NPL",
            "text": "Nepal"
        },
        {
            "id": "countryCode3.NLD",
            "text": "Olanda"
        },
        {
            "id": "countryCode3.NCL",
            "text": "Nuova Caledonia"
        },
        {
            "id": "countryCode3.NZL",
            "text": "Nuova Zelanda"
        },
        {
            "id": "countryCode3.NIC",
            "text": "Nicaragua"
        },
        {
            "id": "countryCode3.NER",
            "text": "Niger"
        },
        {
            "id": "countryCode3.NGA",
            "text": "Nigeria"
        },
        {
            "id": "countryCode3.NIU",
            "text": "Niue"
        },
        {
            "id": "countryCode3.NFK",
            "text": "Isola Norfolk"
        },
        {
            "id": "countryCode3.PRK",
            "text": "Corea del nord"
        },
        {
            "id": "countryCode3.CYN",
            "text": "Cipro del Nord"
        },
        {
            "id": "countryCode3.NOR",
            "text": "Norvegia"
        },
        {
            "id": "countryCode3.OMN",
            "text": "Oman"
        },
        {
            "id": "countryCode3.PAK",
            "text": "Pakistan"
        },
        {
            "id": "countryCode3.PLW",
            "text": "Palau"
        },
        {
            "id": "countryCode3.PSX",
            "text": "Palestina"
        },
        {
            "id": "countryCode3.PAN",
            "text": "Panama"
        },
        {
            "id": "countryCode3.PNG",
            "text": "Papua Nuova Guinea"
        },
        {
            "id": "countryCode3.PRY",
            "text": "Paraguay"
        },
        {
            "id": "countryCode3.PER",
            "text": "Perù"
        },
        {
            "id": "countryCode3.PHL",
            "text": "Filippine"
        },
        {
            "id": "countryCode3.PCN",
            "text": "Isole Pitcairn"
        },
        {
            "id": "countryCode3.POL",
            "text": "Polonia"
        },
        {
            "id": "countryCode3.PRT",
            "text": "Portogallo"
        },
        {
            "id": "countryCode3.PRI",
            "text": "Porto Rico"
        },
        {
            "id": "countryCode3.QAT",
            "text": "Qatar"
        },
        {
            "id": "countryCode3.ROU",
            "text": "Romania"
        },
        {
            "id": "countryCode3.RUS",
            "text": "Russia"
        },
        {
            "id": "countryCode3.RWA",
            "text": "Rwanda"
        },
        {
            "id": "countryCode3.SGS",
            "text": "Georgia del Sud e Isole Sandwich"
        },
        {
            "id": "countryCode3.STP",
            "text": "São Tomé e Principe"
        },
        {
            "id": "countryCode3.SHN",
            "text": "Sant'Elena"
        },
        {
            "id": "countryCode3.LCA",
            "text": "Santa Lucia"
        },
        {
            "id": "countryCode3.WSM",
            "text": "Samoa"
        },
        {
            "id": "countryCode3.SMR",
            "text": "San Marino"
        },
        {
            "id": "countryCode3.SAU",
            "text": "Arabia Saudita"
        },
        {
            "id": "countryCode3.SEN",
            "text": "Senegal"
        },
        {
            "id": "countryCode3.SRB",
            "text": "Serbia"
        },
        {
            "id": "countryCode3.SYC",
            "text": "Seychelles"
        },
        {
            "id": "countryCode3.SLE",
            "text": "Sierra Leone"
        },
        {
            "id": "countryCode3.SGP",
            "text": "Singapore"
        },
        {
            "id": "countryCode3.SXM",
            "text": "Sint Maarten"
        },
        {
            "id": "countryCode3.SVK",
            "text": "Slovacchia"
        },
        {
            "id": "countryCode3.SVN",
            "text": "Slovenia"
        },
        {
            "id": "countryCode3.SLB",
            "text": "Isole Salomone"
        },
        {
            "id": "countryCode3.SOM",
            "text": "Somalia"
        },
        {
            "id": "countryCode3.SOL",
            "text": "Somaliland"
        },
        {
            "id": "countryCode3.ZAF",
            "text": "Sud Africa"
        },
        {
            "id": "countryCode3.KOR",
            "text": "Corea del Sud"
        },
        {
            "id": "countryCode3.SSD",
            "text": "Sudan del Sud"
        },
        {
            "id": "countryCode3.ESP",
            "text": "Spagna"
        },
        {
            "id": "countryCode3.LKA",
            "text": "Sri Lanka"
        },
        {
            "id": "countryCode3.SPM",
            "text": "Saint Pierre e Miquelon"
        },
        {
            "id": "countryCode3.VCT",
            "text": "Saint Vincent e Grenadine"
        },
        {
            "id": "countryCode3.KNA",
            "text": "Saint Kitts e Nevis"
        },
        {
            "id": "countryCode3.BLM",
            "text": "San Barthélemy"
        },
        {
            "id": "countryCode3.MAF",
            "text": "San Martin"
        },
        {
            "id": "countryCode3.SDN",
            "text": "Sudan"
        },
        {
            "id": "countryCode3.SUR",
            "text": "Suriname"
        },
        {
            "id": "countryCode3.SWE",
            "text": "Svezia"
        },
        {
            "id": "countryCode3.CHE",
            "text": "Svizzera"
        },
        {
            "id": "countryCode3.SYR",
            "text": "Siria"
        },
        {
            "id": "countryCode3.TCA",
            "text": "Isole Turks e Caicos"
        },
        {
            "id": "countryCode3.TWN",
            "text": "Taiwan"
        },
        {
            "id": "countryCode3.TJK",
            "text": "Tajikistan"
        },
        {
            "id": "countryCode3.TZA",
            "text": "Tanzania"
        },
        {
            "id": "countryCode3.THA",
            "text": "Tailandia"
        },
        {
            "id": "countryCode3.TLS",
            "text": "Timor Est"
        },
        {
            "id": "countryCode3.TGO",
            "text": "Togo"
        },
        {
            "id": "countryCode3.TON",
            "text": "Tonga"
        },
        {
            "id": "countryCode3.TTO",
            "text": "Trinidad e Tobago"
        },
        {
            "id": "countryCode3.TUN",
            "text": "Tunisia"
        },
        {
            "id": "countryCode3.TUR",
            "text": "Turchia"
        },
        {
            "id": "countryCode3.TKM",
            "text": "Turkmenistan"
        },
        {
            "id": "countryCode3.ARE",
            "text": "Emirati Arabi Uniti"
        },
        {
            "id": "countryCode3.VIR",
            "text": "Isole Vergini"
        },
        {
            "id": "countryCode3.UGA",
            "text": "Uganda"
        },
        {
            "id": "countryCode3.UKR",
            "text": "Ukraina"
        },
        {
            "id": "countryCode3.GBR",
            "text": "Regno Unito"
        },
        {
            "id": "countryCode3.USA",
            "text": "Stati Uniti"
        },
        {
            "id": "countryCode3.URY",
            "text": "Uruguay"
        },
        {
            "id": "countryCode3.UZB",
            "text": "Uzbekistan"
        },
        {
            "id": "countryCode3.VUT",
            "text": "Vanuatu"
        },
        {
            "id": "countryCode3.VAT",
            "text": "Vaticano"
        },
        {
            "id": "countryCode3.VEN",
            "text": "Venezuela"
        },
        {
            "id": "countryCode3.VNM",
            "text": "Vietnam"
        },
        {
            "id": "countryCode3.WLF",
            "text": "Wallis e Futuna"
        },
        {
            "id": "countryCode3.SAH",
            "text": "Sahara Occidentale"
        },
        {
            "id": "countryCode3.YEM",
            "text": "Yemen"
        },
        {
            "id": "countryCode3.ZMB",
            "text": "Zambia"
        },
        {
            "id": "countryCode3.ZWE",
            "text": "Zimbabwe"
        }
    ]
}
